num,question,A,B,C,D,E,explanation
80,A company recently signed a contract with an AWS Managed Service Provider (MSP) Partner for help with an application migration initiative. A solutions architect needs ta share an Amazon Machine Image (AMI) from an existing AWS account with the MSP Partner's AWS account. The AMI is backed by Amazon Elastic Block Store (Amazon EBS) and uses an AWS Key Management Service (AWS KMS) customer managed key to encrypt EBS volume snapshots. What is the MOST secure way for the solutions architect to share the AMI with the MSP Partner's AWS account?,Make the encrypted AMI and snapshots publicly available. Modify the key policy to allow the MSP Partner's AWS account to use the key.,Modify the launchPermission property of the AMI. Share the AMI with the MSP Partner's AWS account only. Modify the key policy to allow the MSP Partner's AWS account to use the key.,Modify the launchPermission property of the AMI. Share the AMI with the MSP Partner's AWS account only. Modify the key policy to trust a new KMS key that is owned by the MSP Partner for encryption.,"Export the AMI from the source account to an Amazon S3 bucket in the MSP Partner's AWS account, Encrypt the S3 bucket with a new KMS key that is owned by the MSP Partner. Copy and launch the AMI in the MSP Partner's AWS account.",,
191,"A company has an ordering application that stores customer information in Amazon RDS for MySQL. During regular business hours, employees run one-time queries for reporting purposes. Timeouts are occurring during order processing because the reporting queries are taking a long time to run. The company needs to eliminate the timeouts without preventing employees from performing queries. What should a solutions architect do to meet these requirements?",Create a read replica. Move reporting queries to the read replica.,Create a read replica. Distribute the ordering application to the primary DB instance and the read replica.,Migrate the ordering application to Amazon DynamoDB with on-demand capacity.,Schedule the reporting queries for non-peak hours.,,
192,"A hospital wants to create digital copies for its large collection of historical written records. The hospital will continue to add hundreds of new documents each day. The hospital's data team will scan the documents and will upload the documents to the AWS Cloud. A solutions architect must implement a solution to analyze the documents, extract the medical information, and store the documents so that an application can run SQL queries on the data. The solution must maximize scalability and operational efficiency. Which combination of steps should the solutions architect take to meet these requirements? (Choose two.)",Write the document information to an Amazon EC2 instance that runs a MySQL database.,Write the document information to an Amazon S3 bucket. Use Amazon Athena to query the data.,Create an Auto Scaling group of Amazon EC2 instances to run a custom application that processes the scanned files and extracts the medical information.,Create an AWS Lambda function that runs when new documents are uploaded. Use Amazon Rekognition to convert the documents to raw text. Use Amazon Transcribe Medical to detect and extract relevant medical information from the text.,Create an AWS Lambda function that runs when new documents are uploaded. Use Amazon Textract to convert the documents to raw text. Use Amazon Comprehend Medical to detect and extract relevant medical information from the text.,
193,A company is running a batch application on Amazon EC2 instances. The application consists of a backend with multiple Amazon RDS databases. The application is causing a high number of reads on the databases. A solutions architect must reduce the number of database reads while ensuring high availability. What should the solutions architect do to meet this requirement?,Add Amazon RDS read replicas.,Use Amazon ElastiCache for Redis.,Use Amazon Route 53 DNS caching,Use Amazon ElastiCache for Memcached.,,
194,A company needs to run a critical application on AWS. The company needs to use Amazon EC2 for the application's database. The database must be highly available and must fail over automatically if a disruptive event occurs. Which solution will meet these requirements?,"Launch two EC2 instances, each in a different Availability Zone in the same AWS Region. Install the database on both EC2 instances. Configure the EC2 instances as a cluster. Set up database replication.",Launch an EC2 instance in an Availability Zone. Install the database on the EC2 instance. Use an Amazon Machine Image (AMI) to back up the data. Use AWS CloudFormation to automate provisioning of the EC2 instance if a disruptive event occurs.,"Launch two EC2 instances, each in a different AWS Region. Install the database on both EC2 instances. Set up database replication. Fail over the database to a second Region.",Launch an EC2 instance in an Availability Zone. Install the database on the EC2 instance. Use an Amazon Machine Image (AMI) to back up the data. Use EC2 automatic recovery to recover the instance if a disruptive event occurs.,,
195,A company's order system sends requests from clients to Amazon EC2 instances. The EC2 instances process the orders and then store the orders in a database on Amazon RDS. Users report that they must reprocess orders when the system fails. The company wants a resilient solution that can process orders automatically if a system outage occurs. What should a solutions architect do to meet these requirements?,Move the EC2 instances into an Auto Scaling group. Create an Amazon EventBridge (Amazon CloudWatch Events) rule to target an Amazon Elastic Container Service (Amazon ECS) task.,Move the EC2 instances into an Auto Scaling group behind an Application Load Balancer (ALB). Update the order system to send messages to the ALB endpoint.,Move the EC2 instances into an Auto Scaling group. Configure the order system to send messages to an Amazon Simple Queue Service (Amazon SQS) queue. Configure the EC2 instances to consume messages from the queue.,"Create an Amazon Simple Notification Service (Amazon SNS) topic. Create an AWS Lambda function, and subscribe the function to the SNS topic. Configure the order system to send messages to the SNS topic. Send a command to the EC2 instances to process the messages by using AWS Systems Manager Run Command.",,
196,"A company runs an application on a large fleet of Amazon EC2 instances. The application reads and writes entries into an Amazon DynamoDB table. The size of the DynamoDB table continuously grows, but the application needs only data from the last 30 days. The company needs a solution that minimizes cost and development effort. Which solution meets these requirements?","Use an AWS CloudFormation template to deploy the complete solution. Redeploy the CloudFormation stack every 30 days, and delete the original stack.",Use an EC2 instance that runs a monitoring application from AWS Marketplace. Configure the monitoring application to use Amazon DynamoDB Streams to store the timestamp when a new item is created in the table. Use a script that runs on the EC2 instance to delete items that have a timestamp that is older than 30 days.,Configure Amazon DynamoDB Streams to invoke an AWS Lambda function when a new item is created in the table. Configure the Lambda function to delete items in the table that are older than 30 days.,Extend the application to add an attribute that has a value of the current timestamp plus 30 days to each new item that is created in the table. Configure DynamoDB to use the attribute as the TTL attribute.,,
197,A company has a Microsoft .NET application that runs on an on-premises Windows Server. The application stores data by using an Oracle Database Standard Edition server. The company is planning a migration to AWS and wants to minimize development changes while moving the application. The AWS application environment should be highly available. Which combination of actions should the company take to meet these requirements? (Choose two.),Refactor the application as serverless with AWS Lambda functions running .NET Core.,Rehost the application in AWS Elastic Beanstalk with the .NET platform in a Multi-AZ deployment.,Replatform the application to run on Amazon EC2 with the Amazon Linux Amazon Machine Image (AMI).,Use AWS Database Migration Service (AWS DMS) to migrate from the Oracle database to Amazon DynamoDB in a Multi-AZ deployment.,Use AWS Database Migration Service (AWS DMS) to migrate from the Oracle database to Oracle on Amazon RDS in a Multi-AZ deployment.,
198,"A company runs a containerized application on a Kubernetes cluster in an on-premises data center. The company is using a MongoDB database for data storage. The company wants to migrate some of these environments to AWS, but no code changes or deployment method changes are possible at this time. The company needs a solution that minimizes operational overhead. Which solution meets these requirements?",Use Amazon Elastic Container Service (Amazon ECS) with Amazon EC2 worker nodes for compute and MongoDB on EC2 for data storage.,Use Amazon Elastic Container Service (Amazon ECS) with AWS Fargate for compute and Amazon DynamoDB for data storage,Use Amazon Elastic Kubernetes Service (Amazon EKS) with Amazon EC2 worker nodes for compute and Amazon DynamoDB for data storage.,Use Amazon Elastic Kubernetes Service (Amazon EKS) with AWS Fargate for compute and Amazon DocumentDB (with MongoDB compatibility) for data storage.,,
199,A telemarketing company is designing its customer call center functionality on AWS. The company needs a solution that provides multiple speaker recognition and generates transcript files. The company wants to query the transcript files to analyze the business patterns. The transcript files must be stored for 7 years for auditing purposes. Which solution will meet these requirements?,Use Amazon Rekognition for multiple speaker recognition. Store the transcript files in Amazon S3. Use machine learning models for transcript file analysis.,Use Amazon Transcribe for multiple speaker recognition. Use Amazon Athena for transcript file analysis.,Use Amazon Translate for multiple speaker recognition. Store the transcript files in Amazon Redshift. Use SQL queries for transcript file analysis.,Use Amazon Rekognition for multiple speaker recognition. Store the transcript files in Amazon S3. Use Amazon Textract for transcript file analysis.,,
200,"A company hosts its application on AWS. The company uses Amazon Cognito to manage users. When users log in to the application, the application fetches required data from Amazon DynamoDB by using a REST API that is hosted in Amazon API Gateway. The company wants an AWS managed solution that will control access to the REST API to reduce development efforts. Which solution will meet these requirements with the LEAST operational overhead?",Configure an AWS Lambda function to be an authorizer in API Gateway to validate which user made the request.,"For each user, create and assign an API key that must be sent with each request. Validate the key by using an AWS Lambda function.",Send the user's email address in the header with every request. Invoke an AWS Lambda function to validate that the user with that email address has proper access.,Configure an Amazon Cognito user pool authorizer in API Gateway to allow Amazon Cognito to validate each request.,,
207,"A company owns an asynchronous API that is used to ingest user requests and, based on the request type, dispatch requests to the appropriate microservice for processing. The company is using Amazon API Gateway to deploy the API front end, and an AWS Lambda function that invokes Amazon DynamoDB to store user requests before dispatching them to the processing microservices. The company provisioned as much DynamoDB throughput as its budget allows, but the company is still experiencing availability issues and is losing user requests. What should a solutions architect do to address this issue without impacting existing users?",Add throttling on the API Gateway with server-side throttling limits.,Use DynamoDB Accelerator (DAX) and Lambda to buffer writes to DynamoDB.,Create a secondary index in DynamoDB for the table with the user requests.,Use the Amazon Simple Queue Service (Amazon SQS) queue and Lambda to buffer writes to DynamoDB.,,
210,"A company offers a food delivery service that is growing rapidly. Because of the growth, the company's order processing system is experiencing scaling problems during peak traffic hours. The current architecture includes the following: • A group of Amazon EC2 instances that run in an Amazon EC2 Auto Scaling group to collect orders from the application • Another group of EC2 instances that run in an Amazon EC2 Auto Scaling group to fulfill orders The order collection process occurs quickly, but the order fulfillment process can take longer. Data must not be lost because of a scaling event. A solutions architect must ensure that the order collection process and the order fulfillment process can both scale properly during peak traffic hours. The solution must optimize utilization of the company's AWS resources. Which solution meets these requirements?",Use Amazon CloudWatch metrics to monitor the CPU of each instance in the Auto Scaling groups. Configure each Auto Scaling group's minimum capacity according to peak workload values.,Use Amazon CloudWatch metrics to monitor the CPU of each instance in the Auto Scaling groups. Configure a CloudWatch alarm to invoke an Amazon Simple Notification Service (Amazon SNS) topic that creates additional Auto Scaling groups on demand.,Provision two Amazon Simple Queue Service (Amazon SQS) queues: one for order collection and another for order fulfillment. Configure the EC2 instances to poll their respective queue. Scale the Auto Scaling groups based on notifications that the queues send.,Provision two Amazon Simple Queue Service (Amazon SQS) queues: one for order collection and another for order fulfillment. Configure the EC2 instances to poll their respective queue. Create a metric based on a backlog per instance calculation. Scale the Auto Scaling groups based on this metric.,,
219,"A company's application is having performance issues. The application is stateful and needs to complete in-memory tasks on Amazon EC2 instances. The company used AWS CloudFormation to deploy infrastructure and used the M5 EC2 instance family. As traffic increased, the application performance degraded. Users are reporting delays when the users attempt to access the application. Which solution will resolve these issues in the MOST operationally efficient way?",Replace the EC2 instances with T3 EC2 instances that run in an Auto Scaling group. Make the changes by using the AWS Management Console.,Modify the CloudFormation templates to run the EC2 instances in an Auto Scaling group. Increase the desired capacity and the maximum capacity of the Auto Scaling group manually when an increase is necessary.,Modify the CloudFormation templates. Replace the EC2 instances with R5 EC2 instances. Use Amazon CloudWatch built-in EC2 memory metrics to track the application performance for future capacity planning.,Modify the CloudFormation templates. Replace the EC2 instances with R5 EC2 instances. Deploy the Amazon CloudWatch agent on the EC2 instances to generate custom application latency metrics for future capacity planning.,,
224,A company recently migrated its web application to AWS by rehosting the application on Amazon EC2 instances in a single AWS Region. The company wants to redesign its application architecture to be highly available and fault tolerant. Traffic must reach all running EC2 instances randomly. Which combination of steps should the company take to meet these requirements? (Choose two.),Create an Amazon Route 53 failover routing policy.,Create an Amazon Route 53 weighted routing policy.,Create an Amazon Route 53 multivalue answer routing policy.,Launch three EC2 instances: two instances in one Availability Zone and one instance in another Availability Zone.,Launch four EC2 instances: two instances in one Availability Zone and two instances in another Availability Zone.,
235,A company is moving its on-premises Oracle database to Amazon Aurora PostgreSQL. The database has several applications that write to the same tables. The applications need to be migrated one by one with a month in between each migration. Management has expressed concerns that the database has a high number of reads and writes. The data must be kept in sync across both databases throughout the migration. What should a solutions architect recommend?,Use AWS DataSync for the initial migration. Use AWS Database Migration Service (AWS DMS) to create a change data capture (CDC) replication task and a table mapping to select all tables.,Use AWS DataSync for the initial migration. Use AWS Database Migration Service (AWS DMS) to create a full load plus change data capture (CDC) replication task and a table mapping to select all tables.,Use the AWS Schema Conversion Tool with AWS Database Migration Service (AWS DMS) using a memory optimized replication instance. Create a full load plus change data capture (CDC) replication task and a table mapping to select all tables.,Use the AWS Schema Conversion Tool with AWS Database Migration Service (AWS DMS) using a compute optimized replication instance. Create a full load plus change data capture (CDC) replication task and a table mapping to select the largest tables.,,
247,"A company has deployed a database in Amazon RDS for MySQL. Due to increased transactions, the database support team is reporting slow reads against the DB instance and recommends adding a read replica. Which combination of actions should a solutions architect take before implementing this change? (Choose two.)",Enable binlog replication on the RDS primary node.,Choose a failover priority for the source DB instance.,Allow long-running transactions to complete on the source DB instance.,Create a global table and specify the AWS Regions where the table will be available.,Enable automatic backups on the source instance by setting the backup retention period to a value other than 0.,
257,A company is building a solution that will report Amazon EC2 Auto Scaling events across all the applications in an AWS account. The company needs to use a serverless solution to store the EC2 Auto Scaling status data in Amazon S3. The company then will use the data in Amazon S3 to provide near-real-time updates in a dashboard. The solution must not affect the speed of EC2 instance launches. How should the company move the data to Amazon S3 to meet these requirements?,Use an Amazon CloudWatch metric stream to send the EC2 Auto Scaling status data to Amazon Kinesis Data Firehose. Store the data in Amazon S3.,Launch an Amazon EMR cluster to collect the EC2 Auto Scaling status data and send the data to Amazon Kinesis Data Firehose. Store the data in Amazon S3.,Create an Amazon EventBridge rule to invoke an AWS Lambda function on a schedule. Configure the Lambda function to send the EC2 Auto Scaling status data directly to Amazon S3.,Use a bootstrap script during the launch of an EC2 instance to install Amazon Kinesis Agent. Configure Kinesis Agent to collect the EC2 Auto Scaling status data and send the data to Amazon Kinesis Data Firehose. Store the data in Amazon S3.,,
283,A research company runs experiments that are powered by a simulation application and a visualization application. The simulation application runs on Linux and outputs intermediate data to an NFS share every 5 minutes. The visualization application is a Windows desktop application that displays the simulation output and requires an SMB file system. The company maintains two synchronized file systems. This strategy is causing data duplication and inefficient resource usage. The company needs to migrate the applications to AWS without making code changes to either application. Which solution will meet these requirements?,Migrate both applications to AWS Lambda. Create an Amazon S3 bucket to exchange data between the applications.,Migrate both applications to Amazon Elastic Container Service (Amazon ECS). Configure Amazon FSx File Gateway for storage.,Migrate the simulation application to Linux Amazon EC2 instances. Migrate the visualization application to Windows EC2 instances. Configure Amazon Simple Queue Service (Amazon SQS) to exchange data between the applications.,Migrate the simulation application to Linux Amazon EC2 instances. Migrate the visualization application to Windows EC2 instances. Configure Amazon FSx for NetApp ONTAP for storage.,,
298,A company is running a critical business application on Amazon EC2 instances behind an Application Load Balancer. The EC2 instances run in an Auto Scaling group and access an Amazon RDS DB instance. The design did not pass an operational review because the EC2 instances and the DB instance are all located in a single Availability Zone. A solutions architect must update the design to use a second Availability Zone. Which solution will make the application highly available?,Provision a subnet in each Availability Zone. Configure the Auto Scaling group to distribute the EC2 instances across both Availability Zones. Configure the DB instance with connections to each network.,Provision two subnets that extend across both Availability Zones. Configure the Auto Scaling group to distribute the EC2 instances across both Availability Zones. Configure the DB instance with connections to each network.,Provision a subnet in each Availability Zone. Configure the Auto Scaling group to distribute the EC2 instances across both Availability Zones. Configure the DB instance for Multi-AZ deployment.,Provision a subnet that extends across both Availability Zones. Configure the Auto Scaling group to distribute the EC2 instances across both Availability Zones. Configure the DB instance for Multi-AZ deployment.,,
308,A company has multiple AWS accounts that use consolidated billing. The company runs several active high performance Amazon RDS for Oracle On-Demand DB instances for 90 days. The company's finance team has access to AWS Trusted Advisor in the consolidated billing account and all other AWS accounts. The finance team needs to use the appropriate AWS account to access the Trusted Advisor check recommendations for RDS. The finance team must review the appropriate Trusted Advisor check to reduce RDS costs. Which combination of steps should the finance team take to meet these requirements? (Choose two.),Use the Trusted Advisor recommendations from the account where the RDS instances are running.,Use the Trusted Advisor recommendations from the consolidated billing account to see all RDS instance checks at the same time.,Review the Trusted Advisor check for Amazon RDS Reserved Instance Optimization.,Review the Trusted Advisor check for Amazon RDS Idle DB Instances.,Review the Trusted Advisor check for Amazon Redshift Reserved Node Optimization.,
311,"A company is using AWS to design a web application that will process insurance quotes. Users will request quotes from the application. Quotes must be separated by quote type, must be responded to within 24 hours, and must not get lost. The solution must maximize operational efficiency and must minimize maintenance. Which solution meets these requirements?",Create multiple Amazon Kinesis data streams based on the quote type. Configure the web application to send messages to the proper data stream. Configure each backend group of application servers to use the Kinesis Client Library (KCL) to pool messages from its own data stream.,Create an AWS Lambda function and an Amazon Simple Notification Service (Amazon SNS) topic for each quote type. Subscribe the Lambda function to its associated SNS topic. Configure the application to publish requests for quotes to the appropriate SNS topic.,Create a single Amazon Simple Notification Service (Amazon SNS) topic. Subscribe Amazon Simple Queue Service (Amazon SQS) queues to the SNS topic. Configure SNS message filtering to publish messages to the proper SQS queue based on the quote type. Configure each backend application server to use its own SQS queue.,Create multiple Amazon Kinesis Data Firehose delivery streams based on the quote type to deliver data streams to an Amazon OpenSearch Service cluster. Configure the application to send messages to the proper delivery stream. Configure each backend group of application servers to search for the messages from OpenSearch Service and process them accordingly.,,
315,A company experienced a breach that affected several applications in its on-premises data center. The attacker took advantage of vulnerabilities in the custom applications that were running on the servers. The company is now migrating its applications to run on Amazon EC2 instances. The company wants to implement a solution that actively scans for vulnerabilities on the EC2 instances and sends a report that details the findings. Which solution will meet these requirements?,Deploy AWS Shield to scan the EC2 instances for vulnerabilities. Create an AWS Lambda function to log any findings to AWS CloudTrail.,Deploy Amazon Macie and AWS Lambda functions to scan the EC2 instances for vulnerabilities. Log any findings to AWS CloudTrail.,Turn on Amazon GuardDuty. Deploy the GuardDuty agents to the EC2 instances. Configure an AWS Lambda function to automate the generation and distribution of reports that detail the findings.,Turn on Amazon Inspector. Deploy the Amazon Inspector agent to the EC2 instances. Configure an AWS Lambda function to automate the generation and distribution of reports that detail the findings.,,
327,"A solutions architect must secure a VPC network that hosts Amazon EC2 instances. The EC2 instances contain highly sensitive data and run in a private subnet. According to company policy, the EC2 instances that run in the VPC can access only approved third-party software repositories on the internet for software product updates that use the third party's URL. Other internet traffic must be blocked. Which solution meets these requirements?",Update the route table for the private subnet to route the outbound traffic to an AWS Network Firewall firewall. Configure domain list rule groups.,Set up an AWS WAF web ACL. Create a custom set of rules that filter traffic requests based on source and destination IP address range sets.,Implement strict inbound security group rules. Configure an outbound rule that allows traffic only to the authorized software repositories on the internet by specifying the URLs.,Configure an Application Load Balancer (ALB) in front of the EC2 instances. Direct all outbound traffic to the ALB. Use a URL-based rule listener in the ALB's target group for outbound access to the internet.,,
341,A company has an Amazon S3 data lake that is governed by AWS Lake Formation. The company wants to create a visualization in Amazon QuickSight by joining the data in the data lake with operational data that is stored in an Amazon Aurora MySQL database. The company wants to enforce column-level authorization so that the company's marketing team can access only a subset of columns in the database. Which solution will meet these requirements with the LEAST operational overhead?,Use Amazon EMR to ingest the data directly from the database to the QuickSight SPICE engine. Include only the required columns.,Use AWS Glue Studio to ingest the data from the database to the S3 data lake. Attach an IAM policy to the QuickSight users to enforce column-level access control. Use Amazon S3 as the data source in QuickSight.,Use AWS Glue Elastic Views to create a materialized view for the database in Amazon S3. Create an S3 bucket policy to enforce column- level access control for the QuickSight users. Use Amazon S3 as the data source in QuickSight.,Use a Lake Formation blueprint to ingest the data from the database to the S3 data lake. Use Lake Formation to enforce column-level access control for the QuickSight users. Use Amazon Athena as the data source in QuickSight.,,
366,"A company's web application consists of an Amazon API Gateway API in front of an AWS Lambda function and an Amazon DynamoDB database. The Lambda function handles the business logic, and the DynamoDB table hosts the data. The application uses Amazon Cognito user pools to identify the individual users of the application. A solutions architect needs to update the application so that only users who have a subscription can access premium content. Which solution will meet this requirement with the LEAST operational overhead?",Enable API caching and throttling on the API Gateway API.,Set up AWS WAF on the API Gateway API. Create a rule to filter users who have a subscription.,Apply fine-grained IAM permissions to the premium content in the DynamoDB table.,Implement API usage plans and API keys to limit the access of users who do not have a subscription.,,
390,A company hosts a three-tier ecommerce application on a fleet of Amazon EC2 instances. The instances run in an Auto Scaling group behind an Application Load Balancer (ALB). All ecommerce data is stored in an Amazon RDS for MariaDB Multi-AZ DB instance. The company wants to optimize customer session management during transactions. The application must store session data durably. Which solutions will meet these requirements? (Choose two.),Turn on the sticky sessions feature (session affinity) on the ALB.,Use an Amazon DynamoDB table to store customer session information.,Deploy an Amazon Cognito user pool to manage user session information.,Deploy an Amazon ElastiCache for Redis cluster to store customer session information.,Use AWS Systems Manager Application Manager in the application to manage user session information.,
402,"A company needs to ingest and handle large amounts of streaming data that its application generates. The application runs on Amazon EC2 instances and sends data to Amazon Kinesis Data Streams, which is configured with default settings. Every other day, the application consumes the data and writes the data to an Amazon S3 bucket for business intelligence (BI) processing. The company observes that Amazon S3 is not receiving all the data that the application sends to Kinesis Data Streams. What should a solutions architect do to resolve this issue?",Update the Kinesis Data Streams default settings by modifying the data retention period.,Update the application to use the Kinesis Producer Library (KPL) to send the data to Kinesis Data Streams.,Update the number of Kinesis shards to handle the throughput of the data that is sent to Kinesis Data Streams.,Turn on S3 Versioning within the S3 bucket to preserve every version of every object that is ingested in the S3 bucket.,,
414,A company has a business system that generates hundreds of reports each day. The business system saves the reports to a network share in CSV format. The company needs to store this data in the AWS Cloud in near-real time for analysis. Which solution will meet these requirements with the LEAST administrative overhead?,Use AWS DataSync to transfer the files to Amazon S3. Create a scheduled task that runs at the end of each day.,Create an Amazon S3 File Gateway. Update the business system to use a new network share from the S3 File Gateway.,Use AWS DataSync to transfer the files to Amazon S3. Create an application that uses the DataSync API in the automation workflow.,Deploy an AWS Transfer for SFTP endpoint. Create a script that checks for new files on the network share and uploads the new files by using SFTP.,,
417,A company uses Amazon EC2 instances and AWS Lambda functions to run its application. The company has VPCs with public subnets and private subnets in its AWS account. The EC2 instances run in a private subnet in one of the VPCs. The Lambda functions need direct network access to the EC2 instances for the application to work. The application will run for at least 1 year. The company expects the number of Lambda functions that the application uses to increase during that time. The company wants to maximize its savings on all application resources and to keep network latency between the services low. Which solution will meet these requirements?,Purchase an EC2 Instance Savings Plan Optimize the Lambda functions' duration and memory usage and the number of invocations. Connect the Lambda functions to the private subnet that contains the EC2 instances.,"Purchase an EC2 Instance Savings Plan Optimize the Lambda functions' duration and memory usage, the number of invocations, and the amount of data that is transferred. Connect the Lambda functions to a public subnet in the same VPC where the EC2 instances run.","Purchase a Compute Savings Plan. Optimize the Lambda functions' duration and memory usage, the number of invocations, and the amount of data that is transferred. Connect the Lambda functions to the private subnet that contains the EC2 instances.","Purchase a Compute Savings Plan. Optimize the Lambda functions' duration and memory usage, the number of invocations, and the amount of data that is transferred. Keep the Lambda functions in the Lambda service VPC.",,
423,A solutions architect wants to use the following JSON text as an identity-based policy to grant specific permissions: Which IAM principals can the solutions architect attach this policy to? (Choose two.),Role,Group,Organization,Amazon Elastic Container Service (Amazon ECS) resource,Amazon EC2 resource,
429,The following IAM policy is attached to an IAM group. This is the only policy applied to the group. What are the effective IAM permissions of this policy for group members?,Group members are permitted any Amazon EC2 action within the us-east-1 Region. Statements after the Allow permission are not applied.,Group members are denied any Amazon EC2 permissions in the us-east-1 Region unless they are logged in with multi-factor authentication (MFA).,Group members are allowed the ec2:StopInstances and ec2:TerminateInstances permissions for all Regions when logged in with multi- factor authentication (MFA). Group members are permitted any other Amazon EC2 action.,Group members are allowed the ec2:StopInstances and ec2:TerminateInstances permissions for the us-east-1 Region only when logged in with multi-factor authentication (MFA). Group members are permitted any other Amazon EC2 action within the us-east-1 Region.,,
434,A company hosts its application in the AWS Cloud. The application runs on Amazon EC2 instances behind an Elastic Load Balancer in an Auto Scaling group and with an Amazon DynamoDB table. The company wants to ensure the application can be made available in anotherAWS Region with minimal downtime. What should a solutions architect do to meet these requirements with the LEAST amount of downtime?,Create an Auto Scaling group and a load balancer in the disaster recovery Region. Configure the DynamoDB table as a global table. Configure DNS failover to point to the new disaster recovery Region's load balancer.,"Create an AWS CloudFormation template to create EC2 instances, load balancers, and DynamoDB tables to be launched when needed Configure DNS failover to point to the new disaster recovery Region's load balancer.",Create an AWS CloudFormation template to create EC2 instances and a load balancer to be launched when needed. Configure the DynamoDB table as a global table. Configure DNS failover to point to the new disaster recovery Region's load balancer.,Create an Auto Scaling group and load balancer in the disaster recovery Region. Configure the DynamoDB table as a global table. Create an Amazon CloudWatch alarm to trigger an AWS Lambda function that updates Amazon Route 53 pointing to the disaster recovery load balancer.,,
491,A solutions architect is designing an asynchronous application to process credit card data validation requests for a bank. The application must be secure and be able to process each request at least once. Which solution will meet these requirements MOST cost-effectively?,Use AWS Lambda event source mapping. Set Amazon Simple Queue Service (Amazon SQS) standard queues as the event source. Use AWS Key Management Service (SSE-KMS) for encryption. Add the kms:Decrypt permission for the Lambda execution role.,Use AWS Lambda event source mapping. Use Amazon Simple Queue Service (Amazon SQS) FIFO queues as the event source. Use SQS managed encryption keys (SSE-SQS) for encryption. Add the encryption key invocation permission for the Lambda function.,Use the AWS Lambda event source mapping. Set Amazon Simple Queue Service (Amazon SQS) FIFO queues as the event source. Use AWS KMS keys (SSE-KMS). Add the kms:Decrypt permission for the Lambda execution role.,Use the AWS Lambda event source mapping. Set Amazon Simple Queue Service (Amazon SQS) standard queues as the event source. Use AWS KMS keys (SSE-KMS) for encryption. Add the encryption key invocation permission for the Lambda function.,,
528,"A data analytics company wants to migrate its batch processing system to AWS. The company receives thousands of small data files periodically during the day through FTP. An on-premises batch job processes the data files overnight. However, the batch job takes hours to finish running. The company wants the AWS solution to process incoming data files as soon as possible with minimal changes to the FTP clients that send the files. The solution must delete the incoming data files after the files have been processed successfully. Processing for each file needs to take 3-8 minutes. Which solution will meet these requirements in the MOST operationally efficient way?",Use an Amazon EC2 instance that runs an FTP server to store incoming files as objects in Amazon S3 Glacier Flexible Retrieval. Configure a job queue in AWS Batch. Use Amazon EventBridge rules to invoke the job to process the objects nightly from S3 Glacier Flexible Retrieval. Delete the objects after the job has processed the objects.,Use an Amazon EC2 instance that runs an FTP server to store incoming files on an Amazon Elastic Block Store (Amazon EBS) volume. Configure a job queue in AWS Batch. Use Amazon EventBridge rules to invoke the job to process the files nightly from the EBS volume. Delete the files after the job has processed the files.,Use AWS Transfer Family to create an FTP server to store incoming files on an Amazon Elastic Block Store (Amazon EBS) volume. Configure a job queue in AWS Batch. Use an Amazon S3 event notification when each file arrives to invoke the job in AWS Batch. Delete the files after the job has processed the files.,Use AWS Transfer Family to create an FTP server to store incoming files in Amazon S3 Standard. Create an AWS Lambda function to process the files and to delete the files after they are processed. Use an S3 event notification to invoke the Lambda function when the files arrive.,,
539,"A company wants to use the AWS Cloud to improve its on-premises disaster recovery (DR) configuration. The company's core production business application uses Microsoft SQL Server Standard, which runs on a virtual machine (VM). The application has a recovery point objective (RPO) of 30 seconds or fewer and a recovery time objective (RTO) of 60 minutes. The DR solution needs to minimize costs wherever possible. Which solution will meet these requirements?",Configure a multi-site active/active setup between the on-premises server and AWS by using Microsoft SQL Server Enterprise with Always On availability groups.,Configure a warm standby Amazon RDS for SQL Server database on AWS. Configure AWS Database Migration Service (AWS DMS) to use change data capture (CDC).,Use AWS Elastic Disaster Recovery configured to replicate disk changes to AWS as a pilot light.,Use third-party backup software to capture backups every night. Store a secondary set of backups in Amazon S3.,,
543,"A company runs Amazon EC2 instances in multiple AWS accounts that are individually bled. The company recently purchased a Savings Pian. Because of changes in the company's business requirements, the company has decommissioned a large number of EC2 instances. The company wants to use its Savings Plan discounts on its other AWS accounts. Which combination of steps will meet these requirements? (Choose two.)","From the AWS Account Management Console of the management account, turn on discount sharing from the billing preferences section.","From the AWS Account Management Console of the account that purchased the existing Savings Plan, turn on discount sharing from the billing preferences section. Include all accounts.","From the AWS Organizations management account, use AWS Resource Access Manager (AWS RAM) to share the Savings Plan with other accounts.",Create an organization in AWS Organizations in a new payer account. Invite the other AWS accounts to join the organization from the management account.,Create an organization in AWS Organizations in the existing AWS account with the existing EC2 instances and Savings Plan. Invite the other AWS accounts to join the organization from the management account.,
569,An Amazon EventBridge rule targets a third-party API. The third-party API has not received any incoming traffic. A solutions architect needs to determine whether the rule conditions are being met and if the rule's target is being invoked. Which solution will meet these requirements?,Check for metrics in Amazon CloudWatch in the namespace for AWS/Events.,Review events in the Amazon Simple Queue Service (Amazon SQS) dead-letter queue.,Check for the events in Amazon CloudWatch Logs.,Check the trails in AWS CloudTrail for the EventBridge events.,,
581,A company runs a stateful production application on Amazon EC2 instances. The application requires at least two EC2 instances to always be running. A solutions architect needs to design a highly available and fault-tolerant architecture for the application. The solutions architect creates an Auto Scaling group of EC2 instances. Which set of additional steps should the solutions architect take to meet these requirements?,Set the Auto Scaling group's minimum capacity to two. Deploy one On-Demand Instance in one Availability Zone and one On-Demand Instance in a second Availability Zone.,Set the Auto Scaling group's minimum capacity to four. Deploy two On-Demand Instances in one Availability Zone and two On-Demand Instances in a second Availability Zone.,Set the Auto Scaling group's minimum capacity to two. Deploy four Spot Instances in one Availability Zone.,Set the Auto Scaling group's minimum capacity to four. Deploy two On-Demand Instances in one Availability Zone and two Spot Instances in a second Availability Zone.,,
599,A company wants to use Amazon Elastic Container Service (Amazon ECS) clusters and Amazon RDS DB instances to build and run a payment processing application. The company will run the application in its on-premises data center for compliance purposes. A solutions architect wants to use AWS Outposts as part of the solution. The solutions architect is working with the company's operational team to build the application. Which activities are the responsibility of the company's operational team? (Choose three.),Providing resilient power and network connectivity to the Outposts racks,"Managing the virtualization hypervisor, storage systems, and the AWS services that run on Outposts",Physical security and access controls of the data center environment,"Availability of the Outposts infrastructure including the power supplies, servers, and networking equipment within the Outposts racks",Physical maintenance of Outposts components F. Providing extra capacity for Amazon ECS clusters to mitigate server failures and maintenance events,
608,A company has an application that serves clients that are deployed in more than 20.000 retail storefront locations around the world. The application consists of backend web services that are exposed over HTTPS on port 443. The application is hosted on Amazon EC2 instances behind an Application Load Balancer (ALB). The retail locations communicate with the web application over the public internet. The company allows each retail location to register the IP address that the retail location has been allocated by its local ISP. The company's security team recommends to increase the security of the application endpoint by restricting access to only the IP addresses registered by the retail locations. What should a solutions architect do to meet these requirements?,Associate an AWS WAF web ACL with the ALB. Use IP rule sets on the ALB to filter traffic. Update the IP addresses in the rule to include the registered IP addresses.,Deploy AWS Firewall Manager to manage the ALConfigure firewall rules to restrict traffic to the ALModify the firewall rules to include the registered IP addresses.,Store the IP addresses in an Amazon DynamoDB table. Configure an AWS Lambda authorization function on the ALB to validate that incoming requests are from the registered IP addresses.,Configure the network ACL on the subnet that contains the public interface of the ALB. Update the ingress rules on the network ACL with entries for each of the registered IP addresses.,,
638,A company collects and shares research data with the company's employees all over the world. The company wants to collect and store the data in an Amazon S3 bucket and process the data in the AWS Cloud. The company will share the data with the company's employees. The company needs a secure solution in the AWS Cloud that minimizes operational overhead. Which solution will meet these requirements?,Use an AWS Lambda function to create an S3 presigned URL. Instruct employees to use the URL.,Create an IAM user for each employee. Create an IAM policy for each employee to allow S3 access. Instruct employees to use the AWS Management Console.,Create an S3 File Gateway. Create a share for uploading and a share for downloading. Allow employees to mount shares on their local computers to use S3 File Gateway.,Configure AWS Transfer Family SFTP endpoints. Select the custom identity provider options. Use AWS Secrets Manager to manage the user credentials Instruct employees to use Transfer Family.,,
